Unnamed: 0,Time,User,Tweet,Location,Retweets,Cleaned_tweet
,,,"Never rely on these guys for anything, they keep changing their forecast and outlooks because they have absolutely NO clue.They're more of a political body rather than a weather/climate body.Their main concern is to push the global warming/climate change narrative.",,,never rely guy anything keep changing forecast outlook absolutely clue.they political body rather weather/climate body.their main concern push global warming/climate change narrative
,,,"Feedback loops make climate action even more urgent, scientists say: Researchers have identified global warming accelerators known as amplifying feedback loops that the researchers say aren't being properly included in climate models. They note th..",,,feedback loop make climate action even urgent scientist say researcher identified global warming accelerator known amplifying feedback loop researcher say properly included climate model note ..
,,,"""It's unarguable that man-made global warming is real and we are facing a climate emergency"" (Judge Wilkinson). What a pillock.",,,unarguable man-made global warming real facing climate emergency judge wilkinson pillock
,,,"Dangerous climate feedback loops areincreasing global warmingand risk causing a permanent shift away from the Earths current climate, according to a new study.",,,dangerous climate feedback loop areincreasing global warmingand risk causing permanent shift away earth current climate according new study
,,,Most of the people on this planet &amp; even the judicial system in the UK recognise that man-made global warming is real &amp; we are facing a climate emergency. And yet our leaders wrecklessly ignore the science &amp; knowingly jeopardise our future by granting more fossil fuel projects,,,people planet even judicial system recognise man-made global warming real facing climate emergency yet leader wrecklessly ignore science knowingly jeopardise future granting fossil fuel project
,,,George McInerney finds this interesting Climate: Lessons from the latest global warming,,,george mcinerney find interesting climate lesson latest global warming
,,,The great cities are in great threat in age city shouldnt be here,,,great city great threat age city shouldnt
,,,"I wonder if those leftist geniuses are aware that China is THE BIGGEST polluter in the world followed by India? Since they equate ""climate change"" with global warming and pollution shouldn't they be harassing the Chinese?",,,wonder leftist genius aware china biggest polluter world followed india since equate climate change global warming pollution harassing chinese
,,,"Dangerous climate feedback loops are increasing global warming and risk causing a permanent shift away from the Earths current climate, according to a new study",,,dangerous climate feedback loop increasing global warming risk causing permanent shift away earth current climate according new study
,,,"Is this a legitimate claim?""We know that once emissions of greenhouse gases go to zero, global warming will stop within a year or twoProf James Renwick ://",,,legitimate claim know emission greenhouse gas zero global warming stop within year twoprof james renwick //
,,,Whatever It Takes Both poles are icebound with heat confined to the tropics. There is no global warming or climate emergency.,,,whatever take pole icebound heat confined tropic global warming climate emergency
,,,Exxon knowingly sabotaged the world for decades. Oil company drove some of the leading science of the era only to publicly dismiss global warming.,,,exxon knowingly sabotaged world decade oil company drove leading science era publicly dismiss global warming
,,,"I was stating this + year satellite record is the true gold standard measurement of global temperatures. You need &gt; years of data to start inferring climate, rather than weather, issues. The satellite record indicates next to NO warming. Thats the UNs crisis - games up!",,,stating year satellite record true gold standard measurement global temperature need year data start inferring climate rather weather issue satellite record indicates next warming thats un crisis game
,,,Its not global warming silly. This is debunked. Its climate change now.,,,global warming silly debunked climate change
,,,A few more of these to cool the planet down will fix global warming. No need for Green Wash'n Climate Change taxes and marketing fund raising bs.,,,cool planet fix global warming need green wash climate change tax marketing fund raising
,,,"I cant help it if your reaction is fear.Why are you showing U.S. when its global warming, and the USA only covers % of the globe? Oh, bc you follow U.S climate denial sitesRegardless, USA is also warming. Both raw &amp; adjusted (more accurate) data to up.",,,cant help reaction fear.why showing .. global warming usa cover globe follow climate denial sitesregardless usa also warming raw adjusted accurate data
,,,There is no point pushing the climate agenda until you are willing to take on China and India. The rest of the world going net will have no bearing on global warming.,,,point pushing climate agenda willing take china india rest world going net bearing global warming
,,,"The conference of parties (cop) of the united nations framework convention on climate change unites around people from countries. It is aimed at limiting global warming to below degrees celsius above pre-industrial levels, with",,,conference party cop united nation framework convention climate change unites around people country aimed limiting global warming degree celsius pre-industrial level
,,,I hope Global warming will change this. Canada is one of the few countries that stands to benefit from a warmer climate.,,,hope global warming change canada one country stand benefit warmer climate
,,,"It's like the people who scream the loudest about ""global warming"" and ""climate change"" actually WANT to destroy the earth.",,,like people scream loudest global warming climate change actually want destroy earth
,,,"It might seem counterintuitive, but global warming plays a role in blasts of bitter cold weather. The reason: It influences the jet stream. Heres how.",,,might seem counterintuitive global warming play role blast bitter cold weather reason influence jet stream here
,,,Climate Change Activists Begin Untested Procedure Pumping Chemicals Into the Atmosphere to Stop Global Warming via,,,climate change activist begin untested procedure pumping chemical atmosphere stop global warming via
,,,Its understandable that people are concerned when they see these barriers being installed all over the UK and articles like this about potential climate lockdowns from an environmental publication. /,,,understandable people concerned see barrier installed article like potential climate lockdown environmental publication
,,,"Greta Thunberg, Al Gore, Bill Gates, WEF, Klaus Schwab, Paris Accord members, Barack Obama, Hillary Clinton, Democratic Party &amp; Climate Crisis/Global Warming/Environmental Activists are silent on Ohio Chernobyl Nuke like explosion?",,,greta thunberg gore bill gate wef klaus schwab paris accord member barack obama hillary clinton democratic party climate crisis/global warming/environmental activist silent ohio chernobyl nuke like explosion
,,,".President said Kenya will be hosting a climate summit in September this year, to underline the Government s commitment to protecting the country from the adverse effects of global warming.",,,.president said kenya hosting climate summit september year underline government commitment protecting country adverse effect global warming
,,,"Raymond Pierrehumbert, a professor of physics at Oxford University, told CNN.Soros also called on the World Bankwhose former president, David Malpass, was accused of denying climate changeto increase international funding to combat rising global warming.",,,raymond pierrehumbert professor physic oxford university told cnn.soros also called world bankwhose former president david malpass accused denying climate changeto increase international funding combat rising global warming
,,,How good is Global Warming The world has warmed degree C in the last years. Climate death rate has fallen % over the last century. IF we get another degrees C of warmingItll be a little warmer &amp; lot greener,,,good global warming world warmed degree last year climate death rate fallen last century get another degree warmingitll little warmer lot greener
,,,Global Warming / climate change = perpetual lies for monetary and political gains,,,global warming climate change perpetual lie monetary political gain
,,,"You need to Google ""Climate change explained simply for mongs"".Global warming is real and humans caused it.",,,need google climate change explained simply mongs.global warming real human caused
,,,"Totally understandable. I would never move there. Anyway, with global warming, New York is the new climate capital of the US of A. / s Stay safe, and ... Your kids always come first!If you come to the Apple, wed love to meet up. And my wife is even nicer than I am!",,,totally understandable would never move anyway global warming new york new climate capital stay safe kid always come first come apple wed love meet wife even nicer
,,,Climate lessons from the last global warming via,,,climate lesson last global warming via
,,,Acceleration of global sea level rise imminent past planetary warming IBS Center for Climate Physics,,,acceleration global sea level rise imminent past planetary warming ibs center climate physic
,,,"bud in the s we were head for a new ice age, by the mid s it was global warming and now its climate change. The weather clowns cant even get a day forecast right.",,,bud head new ice age mid global warming climate change weather clown cant even get day forecast right
,,,"Global Warming eh, what a bugger, Oh no, sorry it isn't Global Warming anymore is it because they lost that argument it's Climate Change now which still ISN'T happening just more difficult to prove because the Eco Mentalists keep moving the Goalposts.",,,global warming bugger sorry global warming anymore lost argument climate change still happening difficult prove eco mentalists keep moving goalpost
,,,"""Its abundantly clear that you are all good people. You are intelligent, articulate and a pleasure to deal with. Its unarguable that man-made global warming is real and we are facing a climate emergency. Your aims are admirable""DEAL WITH IT",,,abundantly clear good people intelligent articulate pleasure deal unarguable man-made global warming real facing climate emergency aim admirabledeal
,,,"Global warming isnt real. Our global climate has always been changing, but for some reason a bunch of people think its static.Please explain how a scientist determined that despite our climate changing for millions of years, the universe somehow got it right in the s.",,,global warming isnt real global climate always changing reason bunch people think static.please explain scientist determined despite climate changing million year universe somehow got right
,,,"Climate change, global warming.whatever.same difference",,,climate change global warming.whatever.same difference
,,,"Don't forget what else he said:""Its unarguable that man-made global warming is real and we are facing a climate emergency.""",,,forget else said unarguable man-made global warming real facing climate emergency
,,,"Global warming is having a major impact on our food system. Rising temperatures, droughts and extreme weather events are putting stress on crops &amp; reducing yields. It's time to take action with to combat climate change and create a more sustainable, resilient food system.",,,global warming major impact food system rising temperature drought extreme weather event putting stress crop reducing yield time take action combat climate change create sustainable resilient food system
,,,"Gary, I've found that % of the people who believe man made cGlobal warming is going to destroy the earth know none of the facts around how climate works or the history of climate on earth.",,,gary found people believe man made cglobal warming going destroy earth know none fact around climate work history climate earth
,,,Which were wrong?,,,wrong
,,,"Dangerous climate feedback loops are increasing global warming and risk causing a permanent shift away from the Earths current climate, according to a new study.Of these, they found that are driving up global temperatures, according to the study published Friday in the",,,dangerous climate feedback loop increasing global warming risk causing permanent shift away earth current climate according new study found driving global temperature according study published friday
,,,"/The same acronym monsters that use their fake crisis ""global warming"" errrrr ""climate change"" as an excuse to diminish our prosperity while lining crony pocketsTry to diminish this real crisis b/c they are at fault for the mismanagement if not the cause of the disaster",,,/the acronym monster use fake crisis global warming errrrr climate change excuse diminish prosperity lining crony pocketstry diminish real crisis fault mismanagement cause disaster
,,,"Im just curious, in college are they taught how to research or just talked to repeat? Climate crisis is not our common thread. Anybody looking at the SCIENCE knows the common thread is removing power of the top controllers of world economies FOR PROFIT FOR WARMING THE PLANET",,,curious college taught research talked repeat climate crisis common thread anybody looking science know common thread removing power top controller world economy profit warming planet
,,,"Just like the climate scam: In , the predicted In , the predicted all islands of the Maldives would drown between and due to ""global warming."" The islands have expanded since then.",,,like climate scam predicted predicted island maldives would drown due global warming island expanded since
,,,why your hashtag global warming was switched to hashtag climate change?Global warming was debunkedChange the name all you want but if smells like **** it probably is s***,,,hashtag global warming switched hashtag climate change global warming debunkedchange name want smell like probably
,,,"A new United Nations report discusses how is compounding the century-old drug-resistance problem, which is a pressing issue that will continue to affect for years to come. More from :",,,new united nation report discus compounding century-old drug-resistance problem pressing issue continue affect year come
,,,": How to Deal with Climate Change, Global Warming - CNBC",,,deal climate change global warming cnbc
,,,Global warming isn't a thing anymore It's climate catastrophe Please download the new update,,,global warming thing anymore climate catastrophe please download new update
,,,Weather Geo Engineering is already in use by the Globalist to destroy our planet &amp; genocide. They have been caught using it to promote &amp; support there fraud climate change agenda. Weather war has been in use for decades. Climate change is man made.,,,weather geo engineering already use globalist destroy planet genocide caught using promote support fraud climate change agenda weather war use decade climate change man made
,,,"None should believe in global warming, the planet is actually cooling and climate change happens naturally every years, whether humans are here or not. Wake up, World.",,,none believe global warming planet actually cooling climate change happens naturally every year whether human wake world
,,,"Researchers have identified global warming accelerators, known as amplifying feedback loops. Many aren't being properly included in climate models.",,,researcher identified global warming accelerator known amplifying feedback loop many properly included climate model
,,,"Anticipating ever-greater change impacts, some see as bringing significant change to collective .",,,anticipating ever-greater change impact see bringing significant change collective
,,,Cant wait for it to snow once in mid-March and the climate change deniers crawl out of the woodwork to say that global warming is fake.,,,cant wait snow mid-march climate change denier crawl woodwork say global warming fake
,,,"George Soros calls for weather control to stop global warming, ice sheet melting We aren't smart enough to control the weather! We should be smart enough to adapt to the natural climate changes that take place on our planet though!",,,george soros call weather control stop global warming ice sheet melting smart enough control weather smart enough adapt natural climate change take place planet though
,,,"Climate change is pole shifting... Nothing more, we in Canada have no control on the rest of the world only provide education moving forward on how to deal with garbage in the ocean. Global warming will happen matter how many money you throwing at it.",,,climate change pole shifting nothing canada control rest world provide education moving forward deal garbage ocean global warming happen matter many money throwing
,,,"Whenever we talk about sustainable development, I always tell the world to witness the tribal lifestyle in India which has answers to climate change and global warming. - PM ://",,,whenever talk sustainable development always tell world witness tribal lifestyle india answer climate change global warming //
,,,"Climate change: UK has been too slow to tackle global warming, watchdog warns",,,climate change slow tackle global warming watchdog warns
,,,The same people who decided the term global warming didn't work anymore so they pivoted to climate change are now trying to tell you that sex change surgery should now be called gender-affirming surgery. But you're smarter than that.,,,people decided term global warming work anymore pivoted climate change trying tell sex change surgery called gender-affirming surgery smarter
,,,"Yes, we have to overcome the spiral of self destruction by evolving a systems mindset to guarantee future biodiversity.I am reading THE CLIMATE BOOK where different authors underline t. necessity of waking up to Global Warming.",,,yes overcome spiral self destruction evolving system mindset guarantee future biodiversity reading climate book different author underline necessity waking global warming
,,,"Umm....Climate Change/Global Warming, screw those who are ignorant &amp; think otherwise. Meanwhile, here in Arizona, it's cooler than that! More ppl, especially the meteorologists, need to realize this is real &amp; not always be like ""Enjoy this beautiful, warm weather!""",,,umm.climate change/global warming screw ignorant think otherwise meanwhile arizona cooler ppl especially meteorologist need realize real always like enjoy beautiful warm weather
,,,Face it. Extreme weather due to global warming. It's the climate crisis.,,,face extreme weather due global warming climate crisis
,,,Need concentration on climate change and global warming by united nations and take must concrete and meaningful step for the same. Ocean becoming danger due to increasing their levels fast. India should warn to all countries.,,,need concentration climate change global warming united nation take must concrete meaningful step ocean becoming danger due increasing level fast india warn country
,,,"""We've done terrible things to our climate. Let's monkey around with it some more, shall we?""",,,done terrible thing climate let monkey around shall
,,,"As increasingly severe floods, droughts and wildfires take their toll worldwide, the onus is on businesses of every size and sector to adapt to the very real consequences of global warming",,,increasingly severe flood drought wildfire take toll worldwide onus business every size sector adapt real consequence global warming
,,,"Dangerous climate feedback loops are increasing global warming and risk causing a permanent shift away from the Earths current climate, according to a new study.",,,dangerous climate feedback loop increasing global warming risk causing permanent shift away earth current climate according new study
,,,New Research: Effects of high night temperature on soybean yield and compositions: IntroductionSoybean is sensitive to light and temperature. Under the background of global asymmetric climate warming.MethodsThe increase of,,,new research effect high night temperature soybean yield composition introductionsoybean sensitive light temperature background global asymmetric climate warming.methodsthe increase
,,,"Britain's coastal towns could be at serious risk if the climate crisis isn't solved over the next years, according to experts. Climate scientists have warned that due to global warming, ice sheets will melt and the sea could engulf some of London's commuter towns and even",,,britain coastal town could serious risk climate crisis solved next year according expert climate scientist warned due global warming ice sheet melt sea could engulf london commuter town even
,,,The world has lost its mind when a judge tells a group of stop oil hippies who caused widespread chaos You are intelligent a pleasure to deal with &amp; It's unarguable that man-made global warming is real and we are facing a climate emergency.,,,world lost mind judge tell group stop oil hippy caused widespread chaos intelligent pleasure deal unarguable man-made global warming real facing climate emergency
,,,"Global warming is climate change. Climate change can be either global cooling or global warming.And to answer your question, no, because you're picking where to trust experts on the environment when experts are telling us climate change will negatively impact our environment.",,,global warming climate change climate change either global cooling global warming.and answer question picking trust expert environment expert telling climate change negatively impact environment
,,,CHanGE founder and faculty is quoted in this article on climate change and temperatures both and : Will global warming make temperature less deadly?,,,change founder faculty quoted article climate change temperature global warming make temperature le deadly
,,,"/ Due to global warming, flood-like water outbursts from ice-dammed glacial lakes worldwide happen earlier in the year and originate from higher areas. At",,,due global warming flood-like water outburst ice-dammed glacial lake worldwide happen earlier year originate higher area
,,,Scientists Examine Dangerous Global Warming Accelerators,,,scientist examine dangerous global warming accelerator
,,,"It was ""Global Warming"" prior to that, the fear was global cooling, now, it's 'climate change'. Is the climate changing? Yes. It has always changed. But over millennia. To argue that anthropomorphic CO production has anything to do with it is delusional.",,,global warming prior fear global cooling 'climate change climate changing yes always changed millennium argue anthropomorphic production anything delusional
,,,Greenpeace cofounder Dr. Patrick Moore wrote in that there is no scientific proof of the global-warming hypothesis and that alarmist predictions are preposterous.,,,greenpeace cofounder patrick moore wrote scientific proof global-warming hypothesis alarmist prediction preposterous
,,,What % of the change from land bridge to English Channel was because of global warming?,,,change land bridge english channel global warming
,,,"With this seminar, experts discuss the negative effects of climate change and how they're trying to combat these issues through their research.",,,seminar expert discus negative effect climate change trying combat issue research
,,,"Climate ""scientist:"" ""Computer, tell us global warming is real""Computer: ""Global warming is real""",,,climate scientist computer tell global warming realcomputer global warming real
,,,"Ten degrees celsius. Summertime. It should be around at this time in the morning. What do we do? Please advise us Greta, the global warming is not working. The dam climate is once again unpredictable and doing its own thing. We need a new doom!",,,ten degree celsius summertime around time morning please advise greta global warming working dam climate unpredictable thing need new doom
,,,"Can someone provide an action to mitigate global warming (sorry, climate change) that doesn't increase government power? I refuse to spend gazillion dollars or sacrifice my liberty for a chancy minuscule improvement.",,,someone provide action mitigate global warming sorry climate change increase government power refuse spend gazillion dollar sacrifice liberty chancy minuscule improvement
,,,"George Soros calls for weather control to stop global warming, ice sheet meltingJacks opinion: This Climate Crisis screed is a scam and there is no threat of significant global warming, oceans rising and massive melts! Soros is wrong!",,,george soros call weather control stop global warming ice sheet meltingjacks opinion climate crisis screed scam threat significant global warming ocean rising massive melt soros wrong
,,,Rubbish... There is no climate crisis nor earth core warming nor cooling.. its all propaganda to an Elitist program,,,rubbish climate crisis earth core warming cooling .. propaganda elitist program
,,,"Look. First this on no way explains the recent rapid GLOBAL heating. Second, AMO is an artifact of CO warming.",,,look first way explains recent rapid global heating second amo artifact warming
,,,"You cannot stop climate change. It's an inevitable part of nature. If what they mean is that they have an idea to stop man made Global Warming - well - I have an idea about how to do that, and it's free - stop believing in it. That's all there is to it.",,,stop climate change inevitable part nature mean idea stop man made global warming well idea free stop believing
,,,"Judge Wilkinson: ""It's unarguable that man-made global warming is real and we are facing a climate emergency.""It IS arguable. Otherwise people wouldn't be offering alternative arguments.",,,judge wilkinson unarguable man-made global warming real facing climate emergency arguable otherwise people offering alternative argument
,,,WORLD CHANGING WILDFIRES: A new study shows that dangerous climate feedback loops are increasing global warming and risk causing a permanent shift away from the Earth's current climate.,,,world changing wildfire new study show dangerous climate feedback loop increasing global warming risk causing permanent shift away earth current climate
,,,"If this -mile-long ""doomsday glacier"" in West Antarctica collapses, it could bring about a catastrophic rise in sea levels.",,,-mile-long doomsday glacier west antarctica collapse could bring catastrophic rise sea level
,,,"Feedback loops set up self-perpetuating cycles that further intensify the climate crisis. For example, in the Arctic: Rapid warming melts sea ice Exposed water absorbs heat More sea ice loss Read more in a new study from :",,,feedback loop set self-perpetuating cycle intensify climate crisis example arctic rapid warming melt sea ice exposed water absorbs heat sea ice loss read new study
,,,"But, no money for cleanup on isle Palestine, Ohio from the people so, concerned about global cooling, global warming oh, wait now they call it climate change! Environmental disaster who cares but, defending where they launder their $$$$",,,money cleanup isle palestine ohio people concerned global cooling global warming wait call climate change environmental disaster care defending launder
,,,"Global warming, Climate Change: Gaia hypothesis.",,,global warming climate change gaia hypothesis
,,,"Both heat and cold can kill. But cold is far more deadly. For every death linked to heat, nine are tied to cold. Will global warming make temperature less deadly?Where more people will die and live because of hotter temperatures",,,heat cold kill cold far deadly every death linked heat nine tied cold global warming make temperature le deadly people die live hotter temperature
,,,I wonder if there is a way to determine the contribution Republican Hot Air is making to global warming and climate change.,,,wonder way determine contribution republican hot air making global warming climate change
,,,"At know point did i say global warming and climate change was bollocks. Just been listening to the same ""bollocks"" that hasnt happened for over years. Meanwhile children are mining youre materials for a ""greater future for future children""",,,know point say global warming climate change bollock listening bollock hasnt happened year meanwhile child mining youre material greater future future child
,,,Global cooling=global warming=climate. Ok. Da sCiEnCe evOlvEs. Chromosomes used to be science.,,,global cooling=global warming=climate science evolves chromosome used science
,,,Damn that global warming/climate change.,,,damn global warming/climate change
,,,"GHG emissions are at a record high, and the goal to limit global warming to below C has become challenging, if not unattainable.Against this backdrop, panelists at the Bund Summit discussed challenges facing global climate investment and finance.",,,ghg emission record high goal limit global warming become challenging unattainable.against backdrop panelist bund summit discussed challenge facing global climate investment finance
,,,"Via on malaria spread due global warming: UCLAs said humans tend reduce the impacts of climate change down to the world just generally getting warmer, &amp; we dont often think about the vastly interconnected world in which we live.",,,via malaria spread due global warming uclas said human tend reduce impact climate change world generally getting warmer dont often think vastly interconnected world live
,,,What climate change due to carbon emissions a socialist produced crisis science can not justify global warming,,,climate change due carbon emission socialist produced crisis science justify global warming
,,,"We know the ocean has taken up % of the heat caused by anthropogenic global warming. The question is, what dynamics could unexpectedly occur as a result of that rising stress?",,,know ocean taken heat caused anthropogenic global warming question dynamic could unexpectedly occur result rising stress
,,,"They divert attention to ""climate change"" and ""global warming"", when the real threat is contamination. They are poisoning our air, water, food, and soil with harmful chemicals. China is the top exporter, while many are forbidden there. And there funds go as per Paris Agreement.",,,divert attention climate change global warming real threat contamination poisoning air water food soil harmful chemical china top exporter many forbidden fund per paris agreement
,,,"No it isn't. Climate change (through global warming) is the most pressing environmental issue we face, and denying thermodynamics is silly.",,,climate change global warming pressing environmental issue face denying thermodynamics silly
,,,Ah bless ya. So do you believe in global warming or global cooling?,,,bless believe global warming global cooling
,,,But. But. Global warming. Or is it advancing icecaps? Fvck it. Lets use climate change.,,,global warming advancing icecap fvck let use climate change
,,,"Due to global warming and pollution, coral reefs are suffering the worst bleaching with the highest dying record since .",,,due global warming pollution coral reef suffering worst bleaching highest dying record since
,,,CLIMATE ALARMIST JOHN KERRYS FAMILY WAS SOLD A PRIVATE JET..LOOKS like hes REALLY ALARMED BY HIS GLOBAL WARMING SCHEME,,,climate alarmist john kerrys family sold private jet .. look like he really alarmed global warming scheme
,,,Scientists Examine Dangerous Global Warming Accelerators - Inside Climate News,,,scientist examine dangerous global warming accelerator inside climate news
,,,"Outstandinglong overdue. Global warming, EV etc are all Leftwing scams/grifts. Why are BP, Shell, and Exxon suddenly backing off their climate promises? - Grist",,,outstandinglong overdue global warming etc leftwing scams/grifts shell exxon suddenly backing climate promise grist
,,,"plastic fan? Plastic for sure has it uses but it contributes a lot to global warming and climate change issues so no, I am not a fan!loser",,,plastic fan plastic sure us contributes lot global warming climate change issue fan loser
,,,It is simply impossible for CO to have an impact on the climate on a HO planet.. % of the atmosphere is CO.. The doomsday cult went from global warming to 'climate change' for a reason.,,,simply impossible impact climate planet .. atmosphere .. doomsday cult went global warming 'climate change reason
,,,Worth a read--another discussion of the,,,worth read -- another discussion
,,,Please explain how % of the atmosphere is causing global warming? You know there's a reason why the doomsday cult went from 'global warming' to 'climate change' right..?,,,please explain atmosphere causing global warming know reason doomsday cult went 'global warming 'climate change right ..
,,,"""How can the world forge the cooperation needed to manage climate change? Most answers to that question hinge on the challenge of enforcement. It is easy to dream up bold agreements but hard to make them stick.""",,,world forge cooperation needed manage climate change answer question hinge challenge enforcement easy dream bold agreement hard make stick
,,,"I wasn't when the BP spill happened, I was when we went form global warming then we're gonna freeze, then we're going to melt again, and now just climate change which is both depending on where u live.And yes, they were amazed at how fast the microbes devoured the oil",,,spill happened went form global warming gon na freeze going melt climate change depending live.and yes amazed fast microbe devoured oil
,,,"'with huge consequences for human rights and citizens daily lives, then the world should trial climate lockdowns, a completely new and untested concept in science, to counter global warming.",,,'with huge consequence human right citizen daily life world trial climate lockdown completely new untested concept science counter global warming
,,,The Democrat plans to use the committee gavel to probe ways climate change could threaten the overall economy and how the fossil fuel industry has allegedly misled the public about global warming. But he faces a couple of big obstacles.,,,democrat plan use committee gavel probe way climate change could threaten overall economy fossil fuel industry allegedly misled public global warming face couple big obstacle
,,,current climate models may underestimate some of the effects of global warming because they fail to take full account of the role of amplifying feedback loops,,,current climate model may underestimate effect global warming fail take full account role amplifying feedback loop
,,,"Recent climate projections may be underestimating the pace of global warming in an atmosphere damaged by greenhouse gas emissions, because the interaction of powerful climate feedback loops that can ..",,,recent climate projection may underestimating pace global warming atmosphere damaged greenhouse gas emission interaction powerful climate feedback loop ..
,,,"...Pittsburgh to Fort Lauderdale. While global warming has catastrophic connotations attached to it, climate change suggests a more controllable and less emotional challenge. Frank Luntz (Republican political strategist)",,,pittsburgh fort lauderdale global warming catastrophic connotation attached climate change suggests controllable le emotional challenge frank luntz republican political strategist
,,,"Also, Its time for us to start talking about climate change instead of global warming and conservation instead of preservation. Climate change is less frightening than global warming. As one focus group participant noted, climate change sounds like youre going from...",,,also time start talking climate change instead global warming conservation instead preservation climate change le frightening global warming one focus group participant noted climate change sound like youre going
,,,"An international collaboration led by scientists including has identified global warming accelerators (amplifying feedback loops), adding urgency to the need to respond to the climate crisis.",,,international collaboration led scientist including identified global warming accelerator amplifying feedback loop adding urgency need respond climate crisis
,,,"Every fraction of a degree of warming matters, and the effects on daily life will only get worse as the temperature rises. That is why under the Paris Climate Agreement, world governments committed to keeping global warming below degrees Celsius.",,,every fraction degree warming matter effect daily life get worse temperature rise paris climate agreement world government committed keeping global warming degree celsius
,,,Anytime someone talks about a mean global temperature anomaly show them this plot that puts it in context of the natural variability of temperatures on the planet at any given time. It's a statistical trick to zoom in on the last bit of warming and exaggerate the scale.,,,anytime someone talk mean global temperature anomaly show plot put context natural variability temperature planet given time statistical trick zoom last bit warming exaggerate scale
,,,"I'm not concerned about the climate, as there is no climate crisis.It's through knowledge, not ignorance.A lead NASA scientist M Mann &amp; others, removed the Medieval Warm Period from data, as it was c warmer then.He made the past colder, to make it look like it's warming now",,,concerned climate climate crisis knowledge ignorance lead nasa scientist mann others removed medieval warm period data warmer made past colder make look like warming
,,,"The throws another round into their 'culture war' cannon while ignoring inflation, warming climate, competition with China, and their own 'immigration crisis'",,,throw another round 'culture war cannon ignoring inflation warming climate competition china 'immigration crisis
,,,Its collapse could result in catastrophic sea level rise.,,,collapse could result catastrophic sea level rise
,,,JC: Enhanced ENSO-Unrelated Summer Variability in the IndoWestern Pacific under Global Warming,,,enhanced enso-unrelated summer variability indowestern pacific global warming
,,,*sighs*How long can we keep denying global warming?Are Climate Deaths Really Down % from a Century Ago? | ://,,,sigh long keep denying global warming climate death really century ago //
,,,"HEY Left Coast Drama Club BubbleBoy,What's opinion on the Rail disaster in Ohio and the environmental disaster and the Shit response of Biden.What about Biden blowing up the natural gas pipeline leading to an epic environmental disaster?Global warming or Climate change my ass.",,,hey left coast drama club bubbleboy opinion rail disaster ohio environmental disaster shit response biden.what biden blowing natural gas pipeline leading epic environmental disaster global warming climate change as
,,,"And it WON'T ""lower world temperatures."" At best, AT BEST, it will slightly slow the natural rate of global warming that began years ago. And that's AT BEST (which is probably far too optimistic). Climate change isn't a hoax, but the ""solutions"" certainly are.",,,lower world temperature best best slightly slow natural rate global warming began year ago best probably far optimistic climate change hoax solution certainly
,,,"Climate scientists say some dangerous global warming accelerators may be underestimated. Different climate feedback loops that amplify warming could feed each other, driving more warming than expected by .",,,climate scientist say dangerous global warming accelerator may underestimated different climate feedback loop amplify warming could feed driving warming expected
,,,Drought + FloodsClimate research team : Global warming is expected to enhance drought extremes in the US throughout the twenty-first century via,,,drought floodsclimate research team global warming expected enhance drought extreme throughout twenty-first century via
,,,Will global warming make temperature less deadly?,,,global warming make temperature le deadly
,,,Myth-buster: Why two degrees of global warming is worse than it sounds Yale Climate Connections,,,myth-buster two degree global warming worse sound yale climate connection
,,,Scientists Examine Dangerous Global Warming 'Accelerators': Inside Climate News MORE w/ EcoSearch:,,,scientist examine dangerous global warming 'accelerators inside climate news ecosearch
,,,The fight against climate change will not particularly benefit from the gigantic profits that the world's largest oil companies have made in,,,fight climate change particularly benefit gigantic profit world largest oil company made
,,,"Dangerous climate feedback loops are increasing global warming and risk causing a permanent shift away from the Earth's current climate, according to a new study.",,,dangerous climate feedback loop increasing global warming risk causing permanent shift away earth current climate according new study
,,,"New England is a climate hot spot, warming faster than the global average. In this winter that never was, wildflowers are blooming months early &amp; ticks are thriving says Richard Primack of IGS &amp; , who studies natural ecosystems.",,,new england climate hot spot warming faster global average winter never wildflower blooming month early tick thriving say richard primack ig study natural ecosystem
,,,"yes, this administration is really trying to push the envelop of medicine and science. look what they accomplished, they/them, she/her, he/him, identified as this and that? non-binary, plurality, climate change coz global warming didn't pan out, what else?",,,yes administration really trying push envelop medicine science look accomplished they/them she/her /him identified non-binary plurality climate change coz global warming pan else
,,,"He said Kenya will be hosting a climate summit in September this year, to underline the Government s commitment to protecting the country from the adverse effects of global warming.",,,said kenya hosting climate summit september year underline government commitment protecting country adverse effect global warming
,,,"But climate change is a made up thing. In The s it was global cooling, s the ozone, s global warming. All have been proven incorrect or repaired (ozone) so now they take the climate change moniker and every time there is a hurricane, humans are to blame.",,,climate change made thing global cooling ozone global warming proven incorrect repaired ozone take climate change moniker every time hurricane human blame
,,,"It's starting to look like global warming will transform the ""forever,"" reported in .",,,starting look like global warming transform forever reported
,,,"'s led to a global bleaching of , against the backdrop of world oceans reaching record heat content nearly every year.",,,led global bleaching backdrop world ocean reaching record heat content nearly every year
,,,And yet all the climate alarmists aren't willing to give any of it up. I encourage you if you believe in global warming to get rid of every thing you own made with oil or shipped with oil. Be the change.,,,yet climate alarmist willing give encourage believe global warming get rid every thing made oil shipped oil change
,,,And they have tried to link car crashes to climate change: Feds Ask: Will Global Warming Cause More Deadly Car Crashes?,,,tried link car crash climate change fed ask global warming cause deadly car crash
,,,Global Warming Or Reversal Of A Cooling Trend? Study Sheds Light On Climate Change,,,global warming reversal cooling trend study shed light climate change
,,,"Climate change can be a hot winter, a cold summer, tropical trees growing in New York. But global warming is heat.",,,climate change hot winter cold summer tropical tree growing new york global warming heat
,,,"The climatistas still chirping about global warming (as many still do ignorantly), that makes them a climatista. But most paid professional climatistas no longer use global warming......they're now using 'climate change', hence they're still climatistas.",,,climatistas still chirping global warming many still ignorantly make climatista paid professional climatistas longer use global warmingthey using 'climate change hence still climatistas
,,,"""Conversely, global warming before industrialization challenges proxy-based reconstructions of past climate."" That's not a conundrum that's a refutation. So running the models in times before doesn't match the actual records. Even with all the numbers the model fails.",,,conversely global warming industrialization challenge proxy-based reconstruction past climate conundrum refutation running model time match actual record even number model fails
,,,"Can recharge at those charging stations? Just curious if sharing is caring of if it's exclusive. -'There is no competition among electric cars because global warming concern to all of us, united we all fight against climate change'-",,,recharge charging station curious sharing caring exclusive -'there competition among electric car global warming concern united fight climate change'-
,,,A suggestion: study up on climate science so that you can gain an appreciation of the difference between global warming and regional/local cooling.,,,suggestion study climate science gain appreciation difference global warming regional/local cooling
,,,"So you talk about global warming, you claim CO causes warming, you post a graph of CO and a graph of warming, you mention the IPCC, you tell me to ""eyeball it"", but your intent was not to show CO causes warming?Hysterical.",,,talk global warming claim cause warming post graph graph warming mention ipcc tell eyeball intent show cause warming hysterical
,,,"Its all that acid rain, ozone hole, global warming, and my personal favourite, climate change thats making dongs longer.",,,acid rain ozone hole global warming personal favourite climate change thats making dong longer
,,,Global warming refers to the general planetary trend...Climate change refers to how this can make our environment more chaotic.,,,global warming refers general planetary trendclimate change refers make environment chaotic
,,,"Climate change could mean any change in climate, such as global warming, but global warming means only heat. There is an absolute difference.",,,climate change could mean change climate global warming global warming mean heat absolute difference
,,,"A bought &amp; paid for tool for the then GoreBull Warming, then Climate Change, then Climate Crisis, now Climate Catastrophe crowd. Shell say what shes paid to say &amp; do it all with a manufactured scowl &amp; a gritty, condescending, How DARE you?!?!",,,bought paid tool gorebull warming climate change climate crisis climate catastrophe crowd shell say shes paid say manufactured scowl gritty condescending dare
,,,They both lead to the same things...Increase warming around the globe leads to more climate change. The reason why it is more often referred to as climate change is because of the fact that 'global warming' some times give the wrong impression.,,,lead thingsincrease warming around globe lead climate change reason often referred climate change fact 'global warming time give wrong impression
,,,"Global warming is a natural phenomenon, before the ice age, the earth was warmer than it is now, all that is happening is the planet is returning to its original climate. No emergency, just another excuse to to fleece people of money.",,,global warming natural phenomenon ice age earth warmer happening planet returning original climate emergency another excuse fleece people money
,,,B. Zhang: Exploring the SST pattern effect on climate feedback and climate sensitivity in GFDL modelsJ Feng: How a stable Longwave feedback is maintained under global warming?D Hartmann: The Antarctic ozone hole and the pattern effect on climate sensitivity/,,,zhang exploring sst pattern effect climate feedback climate sensitivity gfdl modelsj feng stable longwave feedback maintained global warming hartmann antarctic ozone hole pattern effect climate sensitivity/
,,,Check out this article:,,,check article
,,,No self responsible scientist would ever deny climate change. That's why the scammers and liars changed global warming to climate change. Only halfwits would look out of their windows and claim a climate emergency,,,self responsible scientist would ever deny climate change scammer liar changed global warming climate change halfwits would look window claim climate emergency
,,,"Im talking about global warming, not climate change.",,,talking global warming climate change
,,,"Global warming will save lives in cold places while killing people in hot ones. Great piece on a complex topic often left to climate deniers. It's like how adding CO increases plant growth, but not enough to outweigh drought &amp; heat stress.",,,global warming save life cold place killing people hot one great piece complex topic often left climate denier like adding increase plant growth enough outweigh drought heat stress
,,,"world needs to learn from tribal societys lifestyle to fight against global challenges like climate challenge, global warming and other pressing issues: PM Modi. via NaMo App",,,world need learn tribal society lifestyle fight global challenge like climate challenge global warming pressing issue modi via namo app
,,,"Good one! And virtually everything the Climate Believers believe about the effects of Global Warming is backwards. Getting this RIGHT is actually relatively easy and simple -- as simple as ""hot air rises.""",,,good one virtually everything climate believer believe effect global warming backwards getting right actually relatively easy simple -- simple hot air rise
,,,"world needs to learn from tribal societys lifestyle to fight against global challenges like climate challenge, global warming and other pressing issues: PM Modi.via NaMo App",,,world need learn tribal society lifestyle fight global challenge like climate challenge global warming pressing issue modi.via namo app
,,,"There are several natural archives that record changes in the climate over time. The growth rings that form each year in trees, stalagmites and corals can be used to reconstruct past temperature",,,several natural archive record change climate time growth ring form year tree stalagmite coral used reconstruct past temperature
,,,as you sit down always remember one thing we need public participation and awareness of the climate change and global warming factor the time is now before the global challenge affect us,,,sit always remember one thing need public participation awareness climate change global warming factor time global challenge affect
,,,"Biden/Harris administration/their Air Space Intel not only incompetent &amp; a Natl Security risks,they keep on wasting taxpayerslike blowing up a $ hobby balloon with a taxpayer funded $K missile spreading cancerous environmental global warming climate crisis causing debris",,,biden/harris administration/their air space intel incompetent natl security risk keep wasting taxpayerslike blowing hobby balloon taxpayer funded missile spreading cancerous environmental global warming climate crisis causing debris
,,,The Peoples Party of Canada: ISSUEThe Liberal government is spending billions of dollars at home and abroad to fight global warmingor climate change as it is now called to account for every natural weather event and its opposite.* See PPC Platform for Facts and Solution,,,people party canada issuethe liberal government spending billion dollar home abroad fight global warmingor climate change called account every natural weather event opposite see ppc platform fact solution
,,,"For sure there are many unknowns and details to debate in climate science. But around the basic hypothesis of anthropogenic global warming, no, the science is definitive. It's happening and it's man-made.",,,sure many unknown detail debate climate science around basic hypothesis anthropogenic global warming science definitive happening man-made
,,,Always use Tineye to check the source of the graphs CC deniers use. used a graph by Robert Rohde - who wrote - Much of my work on wiki has been related to climate change/global warming.,,,always use tineye check source graph denier use used graph robert rohde wrote much work wiki related climate change/global warming
,,,There is no man made global warming. Same rate of warming since the last ice age. But heybits just science it will change long before the climate.,,,man made global warming rate warming since last ice age heybits science change long climate
,,,No wonder the WEF solution to Global Warming and Climate Change is Population Reduction,,,wonder wef solution global warming climate change population reduction
,,,"A judge has told seven lawbreakers: ""It's unarguable that man-made global warming is real and we are facing a climate emergency. No-one can criticise your motivations. You are good people and I will not issue a punitive sentence."" Political crime is crime.",,,judge told seven lawbreaker unarguable man-made global warming real facing climate emergency -one criticise motivation good people issue punitive sentence political crime crime
,,,"She is the State Religion we are supporting with $Billions. The fake Climate Cult buying BS from their false profits of Al Gore, John Kerry &amp; AOC. NOAA stated we have exceeded years of zero Global Warming, Hurricanes have decreased by % &amp; Pilar bear population increased.",,,state religion supporting billion fake climate cult buying false profit gore john kerry aoc noaa stated exceeded year zero global warming hurricane decreased pilar bear population increased
,,,LINKS TO CLIMATE CHANGE,,,link climate change
,,,"Did you know that global aviation is responsible for % of net anthropogenic warming and that this figure could triple by ?On March , we are organizing with , an event on climate neutrality in the aviation sector.Register here:",,,know global aviation responsible net anthropogenic warming figure could triple march organizing event climate neutrality aviation sector.register
,,,Thanks for being one of the few Boston or Providence media to connect the dots to global warming! But disappointing to see so many folks who talk climate on Twitter or in once-a-year specials fail to do so on days like this.,,,thanks one boston providence medium connect dot global warming disappointing see many folk talk climate twitter -- year special fail day like
,,,"Palestine Ohio:Re: climate change which the use to call global warming!Its all BS.Fact, if we had times the co in the air that we have now it would be better for us and the planet. Trees and grass that give us oxygen would be healthier.If climate change were an issue",,,palestine ohio climate change use call global warming .fact time air would better planet tree grass give oxygen would healthier climate change issue
,,,"I'm gonna say it...Climate Change/Global Warming/Global Cooling, whatever they are calling it today, is a FARCE! The climate is constantly changing, but for any man to think that we can control it, is ridiculous!This is about MONEY AND CONTROL, PERIOD!",,,gon na say climate change/global warming/global cooling whatever calling today farce climate constantly changing man think control ridiculous money control period
,,,"In , global warming will exceed degrees Celsius, according to AI. The new analysis uses neural networks trained on widely used global climate model outputs.",,,global warming exceed degree celsius according new analysis us neural network trained widely used global climate model output
,,,"It is. Full stop. Its absolutely nothing to do with climate change formally known as global warming cos that was a scam too. Its only about money and only ever is. Climate change is a scam, quicker you realise the better.",,,full stop absolutely nothing climate change formally known global warming co scam money ever climate change scam quicker realise better
,,,"I have lived thru the ozone depletion scam in the s, global freezing scam in the s, global warming scam in the s. leaders got rich.and advocates are still being taken advantage of.",,,lived thru ozone depletion scam global freezing scam global warming scam leader got rich.and advocate still taken advantage
,,,"Are you too busy to help fight ?In my Yatra over the last days, I've met a lot of people from all walks of life. And the one thing I've noticed is that the busiest people are the biggest contributors to global warming and climate change.",,,busy help fight yatra last day met lot people walk life one thing noticed busiest people biggest contributor global warming climate change
,,,"You seem a tad triggered, and confused about CO impacts on gse.",,,seem tad triggered confused impact gse
,,,"BREAKING: scientists claim that gas powered cars and stoves pose a new existential threat worse than Global Cooling, Warming, or Climate Change. It is ""Global Seasonal Change"" and requires immediate federal regulation.~New Platty Press (""All the Fake News Unfit to Print"")",,,breaking scientist claim gas powered car stove pose new existential threat worse global cooling warming climate change global seasonal change requires immediate federal regulation.~new platty press fake news unfit print
,,,"Grifters Unite!Declaration of ENRON insider U.S. VP Al Gores focus on Global Warming provided Enron Chairman Kenneth Lays opportunity to introduce, climate change"" polices that promote our products and services (ENRON WINDs products)",,,grifter unite declaration enron insider .. gore focus global warming provided enron chairman kenneth lay opportunity introduce climate change police promote product service enron wind product
,,,As evidenced by all of science and by the fact they had to change the name twice. The imminent ice ageGlobal warming Climate changeNext: Weather Patterns (TM),,,evidenced science fact change name twice imminent ice ageglobal warming climate changenext weather pattern
,,,"First it was Global Warming until they found the earth is cooling, so now its Climate Change. Just a bunch of nut cases",,,first global warming found earth cooling climate change bunch nut case
,,,Global warming/climate change is the Biggest scam in world history,,,global warming/climate change biggest scam world history
,,,"Anthropogenic, global warming is a hoax. Look for yourself about how much carbon dioxide there is how much we produce. The whole thing is thermodynamic nonsense.",,,anthropogenic global warming hoax look much carbon dioxide much produce whole thing thermodynamic nonsense
,,,"Today, most citizens of rich countries will know something, however imprecisely, about climate change; many people in India or Nigeria may not even have heard of it. The conceptual framework of global warming accentuates this disparity. Shashank Kela in:",,,today citizen rich country know something however imprecisely climate change many people india nigeria may even heard conceptual framework global warming accentuates disparity shashank kela
,,,Climate change which means changes to temperature both ways. The term global warming seems to be confusing you,,,climate change mean change temperature way term global warming seems confusing
,,,"And the call goes out yet again about a foot and a half rise by . The Thwaites Glacier dubbed the doomsday glacier because scientists estimate that without it and its supporting ice shelves, sea levels could rise more than to feet.",,,call go yet foot half rise thwaites glacier dubbed doomsday glacier scientist estimate without supporting ice shelf sea level could rise foot
,,,"""Call it a different kind of dangerous 'climate change': a political climate in which global warming is now joining racism and LGBTQ issues as under fire by culture warriors who dont want young minds exposed to debate around such ideas.""",,,call different kind dangerous 'climate change political climate global warming joining racism lgbtq issue fire culture warrior dont want young mind exposed debate around idea
,,,"This is why for President is a must.He wouldve taken care of the people in E.Palestine,Ohio the victims of the Biden/Harriss Secretary of Transportation Pete Buttigiegs Chernobyl Nuke like disaster/cancerous environmental global warming climate crisis risks",,,president must wouldve taken care people .palestine ohio victim biden/harriss secretary transportation pete buttigiegs chernobyl nuke like disaster/cancerous environmental global warming climate crisis risk
,,,"These demons can control the weather with ultra high powered electronic frequencies via a machine called HAARP found in Alaska.This is why we see massive climate changes,snow in the summer &amp;heat in the winter,but we r blamed nd being charged in the name global warming",,,demon control weather ultra high powered electronic frequency via machine called haarp found alaska.this see massive climate change snow summer heat winter blamed charged name global warming
,,,Global warming/ climate change has to be the greatest con in the history of mankind.,,,global warming/ climate change greatest con history mankind
,,,"No one has died because average global temperature has increased slightly since industrialization.In fact, emissions and warming (and the two are not related) have taken global population from billion to billion in the past years.",,,one died average global temperature increased slightly since industrialization fact emission warming two related taken global population billion billion past year
,,,Climate mitigation is a complex task that requires a combination of different strategies and technologies. It's crucial to take action now to reduce greenhouse gas emissions and slow the rate of global warming.,,,climate mitigation complex task requires combination different strategy technology crucial take action reduce greenhouse gas emission slow rate global warming
,,,". Geoengineering: This refers to a variety of technologies that are being developed to manipulate the Earth's climate to counteract the effects of global warming, such as injecting sulfur dioxide into the upper atmosphere to reflect more sunlight back into space.",,,geoengineering refers variety technology developed manipulate earth climate counteract effect global warming injecting sulfur dioxide upper atmosphere reflect sunlight back space
,,,"Climate change is one of the most pressing global issues of our time, and it requires immediate action to mitigate its effects. Step into the world of climate change mitigation and discover the cutting-edge strategies and tech that are being developed to combat global warming",,,climate change one pressing global issue time requires immediate action mitigate effect step world climate change mitigation discover cutting-edge strategy tech developed combat global warming
,,,"FROM RIGHT NOWIt's CRUCIAL TV Weathermen &amp; MeteorologistsDAILY NOTEThe Global Warming Record Breaking changes in the Weather &amp; Temperatures,Up OR Down,to WARN the Public, on EVERY CONTINENT of Earth,how severely Climate Change may effect EVERYONE in coming years!",,,right nowit crucial weatherman meteorologistsdaily notethe global warming record breaking change weather temperature warn public every continent earth severely climate change may effect everyone coming year
,,,"the global warming hoax isnt the issue, its if an EMP by the Chinese or Russians go off above us (like via a weather balloon).",,,global warming hoax isnt issue emp chinese russian like via weather balloon
,,,Climate lessons from the last global warming,,,climate lesson last global warming
,,,"What the VP means is youre being brainwashed in gov schools to believe climate change can be fixed by humans. . Al Gore was wrong, they changed it from global warming bc that was wrong, ESG is a joke",,,mean youre brainwashed gov school believe climate change fixed human gore wrong changed global warming wrong esg joke
,,,"In other words Climate change, global warming, greta thunberg,Are all Bullsht",,,word climate change global warming greta thunberg bullsht
,,,"Yes. Please explain climate crisis! First it was global cooling, then global warming, now its become a catch all ""climate crisis"". Unlike men, the climate has periods (of global warming AND cooling).",,,yes please explain climate crisis first global cooling global warming become catch climate crisis unlike men climate period global warming cooling
,,,I love temperatures from - in February. I embrace global warming and now refuse to recycle. Sorry to that flower or insect that becomes extinct because of climate change but its not always about you!,,,love temperature february embrace global warming refuse recycle sorry flower insect becomes extinct climate change always
,,,"Saying things for years, regardless of who says it, does not make it so. That is not how science works. How did we go from cooling, to global warming, to climate change, to severe weather events? What changed? A quick review of past weather events shows no discernable pattern.",,,saying thing year regardless say make science work cooling global warming climate change severe weather event changed quick review past weather event show discernable pattern
,,,It is effect of global warming...very bad climate..,,,effect global warmingvery bad climate ..
,,,"Global average temps also peaked in , right about when they rebranded ""GLoBal WaRmiNg"" to ""CliMaTE ChAnGe"", so they were covered no matter what.",,,global average temp also peaked right rebranded global warming climate change covered matter
,,,The same people pushing climate changes used to call it global warming. Take one guess why they changed it. BECAUSE THE EARTH ISN'T HEATING UP. WHAT SUPER CORPORATE SCIENTISTS BILL NYE DIDNT TELL YOU THIS? - on predictions,,,people pushing climate change used call global warming take one guess changed earth heating super corporate scientist bill nye didnt tell prediction
,,,"Until next week, start-ups can apply to the fifth edition of the Global Warming Mitigation Projects which recognizes start-ups in Africa and the rest of the world for their green solutions in the mobility, finance, and energy sectors.",,,next week start-ups apply fifth edition global warming mitigation project recognizes start-ups africa rest world green solution mobility finance energy sector
,,,"With the rising awareness of climate change and global warming, its easy to dismiss those who believe its all a hoax.But conspiracy theories have a way of simmering under the surface, waiting for the right moment. And in the end, they always float back up. /",,,rising awareness climate change global warming easy dismiss believe hoax.but conspiracy theory way simmering surface waiting right moment end always float back
,,,"This is how the Liberals prove global warming, climate change, or whatever the hell they call it.",,,liberal prove global warming climate change whatever hell call
,,,"The repairs and infrastructure investments required to fix leaks from the and gas industry would not only reduce global warming, but they would also generate profits for producers.",,,repair infrastructure investment required fix leak gas industry would reduce global warming would also generate profit producer
,,,", :Updated consensus: % of world scientists believe in manmade global warming!",,,updated consensus world scientist believe manmade global warming
,,,"If Canada is responsible for less the two percent of global emissions, how are you going to stop global warming? Without China and India, there can be no change in the trend. Why dont you tell the truth, this is a tax plan not a climate plan!",,,canada responsible le two percent global emission going stop global warming without china india change trend dont tell truth tax plan climate plan
,,,"as humanity responds to global warming, renewable, zero-carbon sources of energy, especially wind and solar energy, are replacing fossil fuels. That requires a new transmission grid.",,,humanity responds global warming renewable zero-carbon source energy especially wind solar energy replacing fossil fuel requires new transmission grid
,,,"Go n stop them let me see. You call the boring ish gist, what did I get from their gist? Abeg Yvonne n olivia carry go jare. Tell us what we don't see, if you want to watch climate change or global warming go to Nat geo wild n co",,,stop let see call boring ish gist get gist abeg yvonne olivia carry jare tell see want watch climate change global warming nat geo wild
,,,What I've done is point out that there is scientific consensus about human-caused global warming by providing a few reputable sources.What you did was call out the fact that not a single scientific organization anywhere in the world disputes this!,,,done point scientific consensus human-caused global warming providing reputable sources.what call fact single scientific organization anywhere world dispute
,,,Paleezzze. I remember being told in school back in the s how we were going into global cooling then global warming. it just seems like they can't get the climate to agree with them so now it's climate change. Follow the money .. Al Gore's net worth is now $M,,,paleezzze remember told school back going global cooling global warming seems like get climate agree climate change follow money .. gore net worth
,,,Climate change has always happened before we were here and after we are gone global warming on the other hand hasnt actually changed/got worse for over years now thats why they changed the definition to keep pushing on with there plans to enslave under the guise of it,,,climate change always happened gone global warming hand hasnt actually changed/got worse year thats changed definition keep pushing plan enslave guise
,,,"Despite the fact that evidence continues to mount that human activities cause global warming, this study found a growth In climate denial activity on social media since .",,,despite fact evidence continues mount human activity cause global warming study found growth climate denial activity social medium since
,,,Climate change always happens always has always will sitting in a middle of a road ain't going to change it is it? Try hunting out the global warming news clips from s s s s so on and so on the UK is a blip on climate change.,,,climate change always happens always always sitting middle road going change try hunting global warming news clip blip climate change
,,,"A great article in on a study on TLDR: very hard challenge, every day becomes harder.",,,great article study tldr hard challenge every day becomes harder
,,,"Climate? Why not call it global warming anymore? When the science needs rebranding, maybe its more politics than science.",,,climate call global warming anymore science need rebranding maybe politics science
,,,"The links between global warming and the health and human services sector are strong, and we must work intentionally in pursuit of climate justice in the months and years ahead.",,,link global warming health human service sector strong must work intentionally pursuit climate justice month year ahead
,,,"We need to stop scaring kids about global warming.Climate change is a problem, but not a meteor hurtling toward Earth to destroy humanity.",,,need stop scaring kid global warming.climate change problem meteor hurtling toward earth destroy humanity
,,,"No, I mean if the polluting industry had worked to address its pollution decades ago we would not be having those problems today:, coulda, shoulda: Exxon didn't wanna.",,,mean polluting industry worked address pollution decade ago would problem today coulda shoulda exxon wan na
,,,"Such naivety over climate change. Cindy should follow the money. Climate change is latest incarnation of scam which has been called many names, hole in ozone layer, global cooling, global warming, destruction of Great Barrier Reef, declining polar bears etc. why?",,,naivety climate change cindy follow money climate change latest incarnation scam called many name hole ozone layer global cooling global warming destruction great barrier reef declining polar bear etc
,,,"Pakistan is a nation vulnerable to climate catastrophes caused by global warming, even though it is responsible for less than % of global greenhouse gas emissions. Here is why they need help to handle these disasters.",,,pakistan nation vulnerable climate catastrophe caused global warming even though responsible le global greenhouse gas emission need help handle disaster
,,,"SKY NEWS ""STOOGES"" are PAID by ""Murdoch"" to ATTACK the ALP/Others, to VILIFY President Biden &amp; his ADMINISTRATION, to DENY Climate Change/Global Warming, to DEMONISE Electric Vehicles, to push for FOSSIL FUELS to foster ""Far Right Christian Cults"" &amp; to DISCREDIT China.",,,sky news stooge paid murdoch attack alp/others vilify president biden administration deny climate change/global warming demonise electric vehicle push fossil fuel foster far right christian cult discredit china
,,,"Wheres Gretta? We desperately need her input. I think it is either climate change (formerly global warming), or a new angle on racism.",,,wheres gretta desperately need input think either climate change formerly global warming new angle racism
,,,Of course hes right. This has been clear to any sober-minded intelligent person since the inception of global warming. But trying reasoning with the Taliban. The left has become the Taliban of climate religion.,,,course he right clear sober-minded intelligent person since inception global warming trying reasoning taliban left become taliban climate religion
,,,Tongan volcano increased the global water vapour in the atmosphere by % in days. This doesn't fit with the global warming hysteria being peddled by both main political parties and msm &amp; google do their part in suppressing any info that doesn't dog whistle climate activists,,,tongan volcano increased global water vapour atmosphere day fit global warming hysteria peddled main political party msm google part suppressing info dog whistle climate activist
,,,"world needs to learn from tribal societys lifestyle to fight against global challenges like climate challenge, global warming and other pressing issues: PM Modi.",,,world need learn tribal society lifestyle fight global challenge like climate challenge global warming pressing issue modi
,,,"Plenty of arguments, like this tweet of yours, which is based on an elementary understanding of climate science?Can you explain why reducing an extremely potent GHG in our atmosphere in the short term would not limit global warming?",,,plenty argument like tweet based elementary understanding climate science explain reducing extremely potent ghg atmosphere short term would limit global warming
,,,"""The blunt fact is that the climate doesnt care about moral responsibilities; if China does not dramatically curb its carbon emissions, it will be absolutely impossible to hold global warming below catastrophic levels."" by",,,blunt fact climate doesnt care moral responsibility china dramatically curb carbon emission absolutely impossible hold global warming catastrophic level
,,,"Also the east coast, who experience the climate crisis head on. With our increasingly common and devastating hurricanes, and ever warming winters. It is apparent the climate crisis is already starting.",,,also east coast experience climate crisis head increasingly common devastating hurricane ever warming winter apparent climate crisis already starting
,,,"Well I don't think I'll get an answer but all metrics of catastrophic global warming have been proved to be false. Hurricanes aren't increasing, weather climate related deaths are the lowest ever, droughts and floods are all within the weather record norm. Sea levels have been",,,well think get answer metric catastrophic global warming proved false hurricane increasing weather climate related death lowest ever drought flood within weather record norm sea level
,,,In the s Exxon scientists knew burning fossil fuels artificially warmed Earth's climate. Their models accurately predicted the amount of global warming by . Exxon executives then embarked on paying propagandists to spread climate change denial.,,,exxon scientist knew burning fossil fuel artificially warmed earth climate model accurately predicted amount global warming exxon executive embarked paying propagandist spread climate change denial
,,,Global warming was a thing of the past. It is now climate change.Much more vague.,,,global warming thing past climate change.much vague
,,,Man made global warming is a swindle. This documentary is years old but the science still applies.Top climate professors including from IPCC who're highly skeptical about MMGW.Watch Al Gore deliberately misinterpreting graphs of ocean temperatures,,,man made global warming swindle documentary year old science still applies.top climate professor including ipcc highly skeptical mmgw.watch gore deliberately misinterpreting graph ocean temperature
,,,"Top Russian space scientist advises sun is in a cooling cycle; earth been cooling since ; entering another mini ice age like Maunder Minimum; need to prepare for global cooling, not global warming; advises CO not causing climate change..",,,top russian space scientist advises sun cooling cycle earth cooling since entering another mini ice age like maunder minimum need prepare global cooling global warming advises causing climate change ..
,,,See IPCC predictions from . Green Party nor the IPCC will adjust their measurements to reflect reality. IPCC over estimated global warming by % (first min in Spanish then English) NO CLIMATE CRISIS,,,see ipcc prediction green party ipcc adjust measurement reflect reality ipcc estimated global warming first min spanish english climate crisis
,,,"WHO are evil, there is no climate crisis, the BS propaganda just rolls off their tongues along with the UN and WEF.",,,evil climate crisis propaganda roll tongue along wef
,,,"He doesnt care hes just doing the masters bidding of blaming everything on Climate Change (formerly known as global warming)And he never backs up his rhetoric with data, so that kind of shows the minion he is",,,doesnt care he master bidding blaming everything climate change formerly known global warming never back rhetoric data kind show minion
,,,Translation: The globalists cant get the peons to give up their modern lives fast enough with scare tactics like global warming and climate change so they will crash the grid and individual economies to drive the masses into slavery by force.,,,translation globalists cant get peon give modern life fast enough scare tactic like global warming climate change crash grid individual economy drive mass slavery force
,,,"The Great Global Warming Swindle. Our government, EU green party are all complicit in generating a new industry alternative energy because it is more profitable. The petroleum companies are running alternative energy, more profitable. No Climate Crisis",,,great global warming swindle government green party complicit generating new industry alternative energy profitable petroleum company running alternative energy profitable climate crisis
,,,"Leaked Documents- Green Party &amp; EU tell IPCC scientists to lie about global warming and CO climate crisis. Read the article and see how they lied to us all to generate an alternative energy industry owned by Exxon Shell Chev, there is NO climate crisis",,,leaked documents- green party tell ipcc scientist lie global warming climate crisis read article see lied generate alternative energy industry owned exxon shell chev climate crisis
,,,Its unarguable that man-made global warming is real and we are facing a climate emergency. It is accepted by me and the Crown Prosecution Service that your views are reasonable and genuinely held. Your aims are ably and genuinely articulated and are supported by the science.,,,unarguable man-made global warming real facing climate emergency accepted crown prosecution service view reasonable genuinely held aim ably genuinely articulated supported science
,,,"lets not lie cuz miam caused a climate change on mother lake, global warming's crazy. , meteorite, ydkwtd, taolg, and youre mine saved it from the drought",,,let lie cuz miam caused climate change mother lake global warming crazy meteorite ydkwtd taolg youre mine saved drought
,,,"[Analysis] &amp; : , Hot wars, closed societies. Systems of governance engaged in fight for global domination, civilization in danger of collapse due to the advance of climate change, by | Project Syndicate",,,analysis hot war closed society system governance engaged fight global domination civilization danger collapse due advance climate change project syndicate
,,,Climate change as a result of global warming.,,,climate change result global warming
,,,"My cunning plan is to use fossil fuels because there is no ""climate crisis"". There is climate *change* but we can adapt to and master a slowly warming climate so long as we have access to the cheapest, most reliable energy.Real: Energy CrisisNot real: Climate Crisis",,,cunning plan use fossil fuel climate crisis climate change adapt master slowly warming climate long access cheapest reliable energy.real energy crisisnot real climate crisis
